SET NAMES utf8mb4;
INSERT INTO settings (setting_key, setting_value) VALUES ('institution_name','Institucion Costa del Faro'),('timezone','America/Santo_Domingo'),('language','es'),('label_size','105x74'),('default_printer','HP LaserJet Pro'),('include_qr','1'),('include_photo','0');
INSERT INTO users (id, name, role, email) VALUES ('u_admin','Monica Pena','Administrador','mpena@institucion.gob'),('u_recepcion','Carlos Ruiz','Recepcion','cruiz@institucion.gob'),('u_protocolo','Ana Herrera','Protocolo','aherrera@institucion.gob');
INSERT INTO guest_types (id, name, color, sort_order) VALUES ('gt_vip','VIP','#b7791f',10),('gt_estandar','Estandar','#1d4ed8',20),('gt_prensa','Prensa','#047857',30),('gt_protocolo','Protocolo','#7c3aed',40);
INSERT INTO events (id, name, description, starts_on, ends_on, location, status, requires_confirmation) VALUES ('e1','Cumbre Iberoamericana de Cultura 2026','Evento protocolar internacional.','2026-07-10','2026-07-12','Salon Costa del Faro','activo',1),('e2','Foro Economico Nacional','Foro con sesiones matutina y vespertina.','2026-07-15','2026-07-15','Auditorio Principal','activo',1),('e3','Firma Convenio Bilateral','Acto de firma institucional.','2026-07-20','2026-07-20','Salon Dorado','borrador',0),('e4','Aniversario Institucional','Celebracion anual institucional.','2026-06-28','2026-06-28','Jardines del Faro','finalizado',1);
INSERT INTO event_sessions (id, event_id, name, session_date, starts_at, ends_at) VALUES ('s1','e1','Apertura oficial','2026-07-10','09:00:00','10:30:00'),('s2','e1','Panel: Diplomacia Cultural','2026-07-10','11:00:00','13:00:00'),('s3','e1','Cena de gala','2026-07-10','19:30:00','22:00:00'),('s4','e1','Mesa tecnica','2026-07-11','09:00:00','12:00:00'),('s5','e2','Sesion matutina','2026-07-15','08:30:00','12:30:00'),('s6','e2','Sesion vespertina','2026-07-15','14:00:00','17:30:00'),('s7','e3','Acto protocolar','2026-07-20','10:00:00','12:00:00'),('s8','e4','Acto unico','2026-06-28','18:00:00','22:00:00');
INSERT INTO visitors (id, document_id, name, position, institution, phone, email) VALUES ('v1','001-1234567-8','Maria Fernandez Reyes','Directora de Comunicacion','Ministerio de Cultura','809-555-0101','m.fernandez@cultura.gob'),('v2','402-9988776-5','Carlos Pena Almonte','Embajador','Embajada de Espana','809-555-0142','cpena@emb.es'),('v3','001-4455667-2','Ana Lucia Guzman','Periodista','Listin Diario','809-555-0187','aguzman@listin.do'),('v4','402-1122334-9','Roberto Sanchez','Asesor Legal','Suprema Corte','809-555-0166','rsanchez@scj.gob'),('v5','001-9988771-4','Elena Martinez','Consultora','PNUD','809-555-0122','emartinez@undp.org');
INSERT INTO visits (id, visitor_id, area, reason, entry_at, exit_at) VALUES ('vis1','v1','Presidencia','Reunion protocolar','2026-07-09 08:32:00',NULL),('vis2','v2','Cancilleria','Firma de convenio','2026-07-09 09:05:00',NULL),('vis3','v3','Prensa','Cobertura evento','2026-07-09 07:50:00','2026-07-09 10:15:00'),('vis4','v4','Legal','Consultoria','2026-07-09 10:40:00',NULL),('vis5','v5','Cooperacion','Mesa tecnica','2026-07-09 11:10:00',NULL);
INSERT INTO companions (id, visit_id, name, document_id) VALUES ('cmp1','vis1','Acompanante Maria 1','001-0000001-1'),('cmp2','vis2','Acompanante Carlos 1','402-0000001-1'),('cmp3','vis2','Acompanante Carlos 2','402-0000002-2'),('cmp4','vis5','Acompanante Elena 1','001-0000005-5');
INSERT INTO guests (id, event_id, guest_type_id, name, document_id, position, institution, email, confirmation, arrival_at, is_walk_in) VALUES ('g1','e1','gt_vip','Luis Ramirez','001-1000000-1','Ministro','Presidencia','invitado01@ejemplo.gob','aceptado','2026-07-10 09:12:00',0),('g2','e1','gt_estandar','Patricia Nunez','001-1000137-2','Vice Ministro','MINERD','invitado02@ejemplo.gob','aceptado',NULL,0),('g3','e1','gt_prensa','Jorge Vasquez','001-1000274-3','Director','MEPyD','invitado03@ejemplo.gob','aceptado',NULL,0),('g4','e1','gt_protocolo','Isabel Rosario','001-1000411-4','Asesor','UASD','invitado04@ejemplo.gob','tentativo','2026-07-10 09:12:00',0),('g5','e2','gt_vip','Andres Batista','002-1000000-1','Periodista','OEA','invitado11@ejemplo.gob','aceptado',NULL,0);
